id_run,Agency1a,Allocentrism1a,Coalition1a,Ethos1a,Exchange1a,Intentionality1a,Logos1a,Might1a,Network1a,Pathos1a,SA1a,Team1a,Agency3a,Allocentrism3a,Coalition3a,Ethos3a,Exchange3a,Intentionality3a,Logos3a,Might3a,Network3a,Pathos3a,SA3a,Team3a,Agency3,Allocentrism3,Coalition3,Ethos3,Exchange3,Intentionality3,Logos3,Might3,Network3,Pathos3,SA3,Team3,Agency1,Allocentrism1,Coalition1,Ethos1,Exchange1,Intentionality1,Logos1,Might1,Network1,Pathos1,SA1,Team1
1,3.4,2.833333,2.166667,2.5,1.833333,2.666667,3.8,1.833333,3.166667,2.666667,3,2.4,3.35,3.236111,2.861111,2.723404,2.763889,3.166667,3.283333,2.611111,3.028169,2.777778,3.152778,2.733333,66,65,39,21,52,24,43,34,27,31,63,33,68,23,10,40,2,15,78,10,56,31,50,23
2,3.2,3.166667,2.833333,2.25,3,3.333333,3.6,2.833333,3.833333,2.666667,3.166667,2.2,3.133333,2.87037,2.666667,2.916667,2.574074,3.5,3.4,2.722222,3.166667,2.62963,3,2.333333,32,12,6,49,19,84,61,48,44,8,31,3,55,54,53,20,71,68,67,73,92,31,63,12
3,2.2,2.333333,2,1.5,2.5,2.166667,2.6,1.333333,3.166667,1.833333,2.666667,2,3.204082,3.186441,2.762712,2.641026,2.59322,3.237288,3.44898,2.542373,3.068965,2.779661,3.169492,2.55102,43,56,19,13,21,35,71,27,33,32,66,14,2,4,4,0,28,2,9,1,56,0,20,4
4,2.8,3,3.166667,3.25,2.666667,2.833333,3.2,3,3.166667,3,3.333333,2.6,3.033333,3.25,3.111111,2.958333,2.638889,3.25,3.266667,3.166667,3.388889,3.027778,3.083333,3.1,20,66,77,52,27,37,39,93,76,70,48,82,23,32,76,82,39,22,42,81,56,63,76,35
5,3,3,2.8,3,3,3.4,2.75,3,4,2.2,2.4,2.5,2.9,2.734043,3.010753,3.16129,2.571429,3.129032,2.721519,2.648936,3.595745,2.606383,2.763441,2.769231,11,3,63,75,18,20,3,39,95,7,7,38,40,32,52,70,71,79,16,81,96,10,8,35
6,2.6,2.666667,2.666667,2.75,2.666667,2.833333,2.6,2.5,2.333333,2.666667,2.666667,2.4,2.454545,2.848485,2.666667,2.636364,2.469697,2.787879,2.836364,2.515152,2.727273,2.666667,2.757576,2.381818,0,10,6,13,10,2,3,24,6,14,7,7,14,12,41,60,39,22,9,54,14,31,20,23
7,2.8,2.5,3.5,2,2.5,2.666667,3,2.833333,3.5,2.833333,2.666667,2.8,3.08,3.05,3.033333,3.225,2.866667,3.283333,2.98,2.932203,3.516667,3.233333,3.116667,2.94,26,32,66,84,71,46,11,74,88,90,58,62,23,9,91,8,28,15,26,73,78,53,20,47
8,2.8,3.666667,3.333333,3,3.166667,3.666667,3.2,3.166667,3.666667,3.166667,3.833333,3.2,2.933333,2.944444,2.833333,2.791667,2.527778,3.111111,2.866667,2.777778,3.277778,2.555556,2.916667,2.566667,14,20,32,29,14,16,4,51,59,2,19,15,23,92,85,70,80,87,42,89,85,73,97,74
9,2.8,3,2.833333,3,3,3.166667,3.6,2.833333,3.166667,3.333333,3.333333,3,3.175,3.5,3.244444,3.25,3.106383,3.234043,3.525,3.066667,3.425532,3.340425,3.479167,3.35,38,94,90,85,92,35,84,86,81,98,99,94,23,32,53,70,71,55,67,73,56,84,76,63
10,4,4,4,4,3.666667,4,4,2.666667,4,3.833333,3.833333,4,3.2,3.1,2.883333,2.897436,2.65,3.316667,3.16,2.633333,2.95,2.7,3.1,2.62,39,38,43,46,30,50,26,36,19,20,53,21,98,98,100,98,98,99,93,62,96,97,97,100
11,3.8,2.333333,2.333333,3.25,2.166667,3.833333,3.8,2.833333,2,3.166667,3.5,2.6,3.3,3,3.041667,3.34375,2.895833,3.625,3.589744,3.020833,2.708333,3.166667,3.208333,2.725,56,26,68,91,76,97,91,82,5,84,71,31,91,4,17,82,10,94,78,73,3,73,87,35
12,3.6,3,2.5,3.25,2.166667,3.833333,4,2.333333,2,3,3.333333,3.2,3.133333,3.194444,3.083333,3.083333,3.194444,3.166667,2.966667,2.916667,3.194444,3.027778,3.055556,3.1,32,60,72,67,96,24,10,70,48,70,43,82,80,32,31,82,10,94,93,41,3,63,76,74
13,3.4,2.666667,2.833333,2,2.666667,3.333333,3,2.833333,2.666667,2,3.166667,2.6,3.272727,2.954545,2.772727,2.909091,2.515152,3.454545,3.381818,2.9375,3.15625,2.69697,3.045455,2.351852,51,22,20,48,12,79,61,75,44,19,39,5,68,12,53,8,39,68,26,73,29,1,63,35
14,3,3.333333,3,2.5,3.166667,3.166667,3.6,1.833333,3.333333,3,3.166667,2.4,3.06,3.1,2.932203,2.675,2.65,3.033333,3.32,2.5,3.233333,3,3.05,2.916667,23,38,51,16,30,10,49,20,51,63,40,58,40,69,66,40,80,55,67,10,70,63,63,23
15,2.8,2.5,2.333333,2.25,2.333333,2.666667,3.4,1.833333,2.166667,2.666667,3,2.2,3.2,2.75,2.864407,3.25641,2.542373,3.266667,3.44898,2.932203,3.133333,2.633333,2.95,2.346939,39,5,40,86,15,43,71,74,41,9,23,4,23,9,17,20,19,15,54,10,8,31,50,12
16,2.4,2.833333,2.5,1.75,2.166667,2.5,2.6,1.5,2.833333,2.5,3,2.4,3.533333,3.37037,3,2.861111,2.777778,3.277778,3.288889,2.296296,3.407408,2.925926,3.222222,2.955555,92,79,59,40,55,45,45,4,79,48,73,65,5,23,31,3,10,7,9,3,36,20,50,23
17,3.8,3.333333,3.666667,2.75,3.666667,3.666667,3.6,3.666667,3.5,3.833333,3.666667,3.8,3.433333,3.5,3.277778,2.916667,3.333333,3.428571,3.2,3.085714,3.583333,2.972222,3.333333,3.2,80,94,91,49,99,76,30,88,93,58,89,88,91,69,94,60,98,87,67,97,78,97,94,96
18,2.4,1.833333,2.666667,2,2,2,3.8,1.833333,2.166667,2.833333,2.333333,2.4,3.159091,2.462963,2.396226,3.027778,2.115385,3.314815,3.466667,3.150943,2.686275,2.64151,2.648148,2.044445,37,0,0,59,0,50,75,92,4,10,1,0,5,0,41,8,5,0,78,10,8,53,1,23
19,3.2,3.333333,3.333333,3,3.333333,3.833333,3.6,2.666667,3.666667,2.833333,3.666667,3,3.35,3.057143,3.014706,3.020833,2.666667,3.323944,3.266667,2.884058,3.277778,2.680556,2.972222,2.783333,66,34,64,58,34,52,39,69,59,17,27,40,55,69,85,70,89,94,67,62,85,53,94,63
20,3.4,2.333333,2.333333,3.25,2.166667,3.5,3.8,2.5,3.166667,3,2.166667,2.6,3.457143,2.658537,2.736842,3.607143,2.238095,3.547619,3.542857,3.121951,2.625,2.857143,2.857143,2.411765,84,2,15,99,0,92,87,90,1,40,13,8,68,4,17,82,10,80,78,54,56,63,0,35
21,2.6,2.333333,2.333333,2.5,3.166667,3.333333,3.8,2,3.166667,2.666667,2.833333,2.8,3.285714,3.380952,2.904762,2.821429,2.976191,3.071429,3.542857,2.333333,3.238095,2.880952,3.119048,2.764706,55,81,46,34,86,12,87,7,52,43,60,38,14,4,17,40,80,68,78,20,56,31,30,47
22,,,,,,,,,,,,,2.5,2.916667,2.666667,2.875,2.833333,2.416667,3.1,2.666667,2,2.583333,2.727273,2.1,0,17,6,42,64,0,20,41,0,5,4,0,#N/A,#N/A,#N/A,#N/A,#N/A,#N/A,#N/A,#N/A,#N/A,#N/A,#N/A,#N/A
23,3.2,2.833333,2.166667,3,2,3.166667,3.8,2.333333,2.333333,2.666667,2.833333,3,3.571429,3.380952,2.904762,3.035714,2.833333,3.571429,3.514286,2.904762,3.285714,2.976191,3.261905,2.885714,94,81,46,60,64,94,81,70,62,60,78,52,55,23,10,70,5,55,78,41,14,31,30,63
24,2.4,2.666667,2.833333,3.25,3,2.666667,2.2,2.5,3,2.833333,2.5,2.8,3.24,2.933333,3.366667,3.578947,2.9,3.033333,3.36,3.166667,3.566667,3.366667,3.233333,3.36,45,18,98,98,76,10,57,93,91,99,75,95,5,12,53,82,71,15,2,54,45,53,9,47
25,2.8,3.333333,3.166667,3,2.833333,3,3,2.333333,3.166667,3.333333,3.333333,2.8,3.116667,3.169014,2.777778,2.833333,2.611111,3.25,3.474576,2.791667,2.805556,2.722222,3.013889,2.683333,30,53,21,35,24,37,77,54,10,23,35,25,23,69,76,70,61,39,26,41,56,84,76,47
26,3.8,2.666667,3,3,2.666667,3.333333,3.6,3.166667,3.5,3,3.333333,2.8,3.461539,3.141026,3,2.865385,2.858974,3.576923,3.507692,2.974359,3.282051,2.98718,3.24359,2.969231,85,47,59,41,70,94,80,78,61,62,76,67,91,12,66,70,39,68,67,89,78,63,76,47
27,3.6,3.166667,2.5,2.25,2.666667,2.833333,3.6,2.5,2.666667,3.333333,3.5,2.8,3.353846,2.884615,2.641026,2.673077,2.666667,3.346154,3.338462,3.038461,2.75641,2.961539,2.961539,2.6,67,15,4,15,34,57,53,84,8,55,26,18,80,54,31,20,39,22,67,54,29,84,87,47
28,2.8,2.333333,2.833333,3.25,2.333333,3.166667,3.2,2.333333,2.333333,2.833333,2.833333,2.2,3.288889,2.962963,2.925926,3.305556,2.888889,3.12963,3.133333,3.074074,3.37037,3.203704,3,2.911111,55,23,50,89,73,21,24,87,74,86,31,58,23,4,53,82,19,55,42,41,14,53,30,12
29,3.8,3.5,3,3.25,2.833333,3.333333,3.8,2.333333,2.5,3.5,3.666667,2.8,3.4,3.125,2.916667,2.90625,2.723404,3.520833,3.525,2.869565,2.916667,2.765957,3.270833,2.717949,72,44,47,48,45,90,84,66,17,29,79,30,91,80,66,82,61,68,78,41,19,90,94,47
30,3.8,3.5,3,3.25,3.666667,3.666667,3.8,2.2,3.833333,3.333333,3.6,2.4,3.3,3.288136,2.966667,3.075,3.15,3.366667,3.72,2.6,3.066667,2.966667,3.166667,3.02,56,70,56,66,94,62,98,32,32,56,64,74,91,80,66,82,98,87,78,40,92,84,93,23
31,4,3,3.5,2.5,3,3,3.8,2.666667,3.833333,3.166667,3.333333,2.6,2.983333,2.486111,2.763889,3.3125,2.652778,3.138889,3.183333,2.861111,3,2.694444,2.708333,2.4,16,0,20,89,32,22,29,65,23,19,3,7,98,32,91,40,71,39,78,62,92,73,76,35
32,3.2,3.333333,2.833333,2.5,3,2.5,3.8,2.666667,3.5,2.666667,3,2.4,3.333333,3.314815,3.092592,3.166667,3.037037,3.481482,3.6,3.185185,3.277778,3.203704,3.296296,3.066667,64,75,75,76,90,82,92,95,59,86,85,78,55,69,53,40,71,7,78,62,78,31,50,23
33,3.4,3.5,3,2,2.666667,3.166667,3.6,3.166667,1.666667,2.333333,2.5,3,3.387755,3.183333,2.766667,2.425,2.6,3.316667,3.26,2.8,2.983333,2.516667,3.116667,2.82,71,55,20,3,22,50,38,55,21,1,58,44,68,80,66,8,39,55,67,89,1,11,9,63
34,2.8,2.5,2.333333,1.75,1.666667,3.666667,3.4,2,2.5,2.5,2.5,2.8,3.24,3.05,2.883333,2.85,2.383333,3.433333,3.44,2.716667,3.25,2.95,3.05,2.94,45,32,43,38,3,77,70,47,54,53,40,62,23,9,17,3,1,87,54,20,19,20,9,47
35,3.4,3.5,3.333333,3,3.5,3.666667,3,2.833333,4,3.5,3.166667,3.4,3.15,2.916667,3.083333,3.40625,2.625,3.1875,2.975,2.9375,3.617021,2.875,2.8125,2.925,35,17,72,94,26,29,11,75,96,42,10,60,68,80,85,70,94,87,26,73,96,90,63,86
36,2,2.833333,2,2.25,1.666667,2.5,3.4,1.5,3,2.333333,2.5,2,3.022222,3.111111,3.056604,2.694444,2.814815,3.333333,3.577778,2.759259,2.851852,2.981482,3.166667,2.533333,19,41,70,19,62,54,89,50,11,61,64,13,0,23,4,20,1,7,54,3,45,11,9,4
37,4,3.833333,3.5,2.5,3.166667,3.666667,3.2,3,3,3,3.333333,3.6,3.36,3.20339,3.35,3.125,3.189655,3.083333,2.857143,2.881356,3.779661,3.216667,3.016949,3.612245,69,60,97,70,96,13,4,68,99,89,36,100,98,96,91,40,80,87,42,81,45,63,76,91
38,3.4,3.666667,3.666667,3.5,3.5,3.666667,4,3.666667,3.666667,3.666667,3.333333,3.4,3.457143,2.642857,3,3.428571,2.738095,3.380952,3.314286,3.261905,3.071429,2.928571,3,2.685714,84,1,59,95,48,67,48,98,33,50,31,26,68,92,94,92,94,87,93,97,85,95,76,86
39,2.8,3,3,2.25,2.833333,2.833333,2.4,1.833333,3.5,2.5,3,3.4,3.507692,3.5,3.337662,2.980392,2.987013,3.525641,3.484375,2.792208,3.782051,3.155844,3.434211,3.369231,90,94,96,55,88,90,79,54,100,83,96,96,23,32,66,20,61,22,4,10,78,20,50,86
40,3.8,3.666667,3.8,3.75,3.2,3.2,4,2.166667,3.8,3.166667,3.666667,2.6,3.2,3.1875,3.0625,3.1875,2.6875,3.125,3.25,2.604167,3.270833,3,3.020833,3,39,57,70,79,38,18,36,33,58,63,37,70,91,92,98,96,88,66,93,31,91,73,94,35
41,2.6,3.5,3.333333,2.5,3,2.5,3.4,2.333333,3.333333,2.166667,3.333333,2.8,2.969231,3.102564,2.692308,2.826923,2.448718,3,3.215385,2.474359,3.076923,2.435897,2.98718,2.34375,15,40,10,34,7,8,32,18,35,0,31,4,14,80,85,40,71,7,54,41,70,5,76,47
42,3.4,3.333333,3.666667,3.5,2.666667,3.833333,3.4,3.333333,3.833333,3.833333,3.666667,3.6,3.318182,3.351852,3.185185,3.194444,2.703704,3.351852,3.333333,3.203704,3.37037,3.148148,3.314815,2.955555,61,78,82,80,41,58,51,96,74,82,88,65,68,69,94,92,39,94,54,93,92,97,94,91
43,2.8,3,2,2.5,2.833333,2.833333,2.6,2.333333,2.5,2.5,2.5,2.6,3.216667,3.486111,3.097222,2.979167,3.208333,3.333333,3.366667,2.708333,3.28169,3.041667,3.277778,3.133333,43,93,75,55,97,54,58,46,61,72,81,84,23,32,4,40,61,22,9,41,19,20,9,35
44,3,3.666667,2.5,3,3.5,3.166667,3,2,3.166667,2.5,2.333333,2.8,3.085714,3.333333,2.809524,2.607143,2.761905,3.333333,3.2,2.5,3.047619,2.571429,2.952381,2.714286,27,76,29,9,51,54,30,20,30,4,25,29,40,92,31,70,94,55,26,20,56,20,1,47
45,2.8,2,2.5,3.75,2.333333,3.5,4,2.666667,4,2.666667,3.166667,2.8,3.542857,2.642857,2.738095,3.607143,2.428571,3.476191,3.514286,3.285714,3.333333,2.714286,2.780488,2.657143,93,1,15,99,5,81,81,98,68,22,8,23,23,0,31,96,19,80,93,62,96,31,63,47
46,2.8,3.166667,2.333333,1.5,1.833333,3.333333,2.8,1.166667,1.333333,2.166667,1.833333,2.6,2.783333,3.111111,2.75,2.854167,2.638889,2.791667,2.916667,2.319444,3.028169,2.666667,2.722222,2.633333,7,41,16,39,27,3,8,7,27,14,4,22,23,54,17,0,2,68,18,0,0,5,0,35
47,3.2,3,3.166667,2.5,2.5,3.333333,3.8,3.666667,3.666667,2.833333,3.333333,2.8,3.040816,2.813559,2.933333,3.282051,2.45,3.5,3.54,2.95,3.15,2.966667,3.1,2.6,20,9,51,88,7,84,86,77,43,56,53,18,55,32,76,40,28,68,78,97,85,53,76,47
48,2.8,3.333333,2,2.75,2,3,3.2,1.5,3.666667,2.5,2.333333,3.2,3.435897,3.166667,3.191489,3.103448,3.021277,3.361702,3.282051,2.804348,3.326087,3.042553,3.170213,2.75,81,50,84,69,89,61,43,56,68,73,67,36,23,69,4,60,5,39,42,3,85,20,1,74
49,3.6,3,3,1.75,2.333333,3,2.8,2.666667,2,2.666667,3.5,2.2,3.514286,3.190476,2.880952,2.928571,2.571429,3.476191,3.514286,3,3.02439,2.976191,3.452381,2.6,91,59,42,50,18,81,81,80,26,60,97,18,80,32,66,3,19,39,18,62,3,31,87,12
50,3,3.5,2.333333,1.75,3.333333,2.5,3.6,2,2.6,3.666667,3.166667,3.2,2.542857,2.780488,2.5,2.5,2.452381,2.714286,2.942857,2.095238,2.452381,2.642857,2.785714,2.2,1,6,0,5,8,2,10,1,0,10,9,1,40,80,17,3,89,7,67,20,28,95,63,74
51,2.2,2.666667,2.333333,2.5,2.666667,2.833333,3.2,3,3.166667,2.833333,2.833333,2,3,2.861111,2.777778,3.125,2.361111,3,2.7,2.861111,3.194444,2.722222,2.527778,2.5,17,11,21,70,2,8,2,65,48,23,0,10,2,12,17,40,39,22,42,81,56,53,30,4
52,3.4,3.666667,2.833333,2.5,1.333333,3.166667,2.8,2.333333,3.5,2.666667,3.166667,2.4,,,,,,,,,,,,,#N/A,#N/A,#N/A,#N/A,#N/A,#N/A,#N/A,#N/A,#N/A,#N/A,#N/A,#N/A,68,92,53,40,0,55,18,41,78,31,63,23
53,3,3,2.333333,3,2.333333,3.5,3.4,3,1.833333,2.666667,3.166667,2,3.276923,3.179487,2.884615,2.711539,2.551282,3.525641,3.753846,3,2.705128,2.858974,3.294872,2.523077,53,54,44,21,16,90,99,80,5,41,85,12,40,32,17,70,19,80,54,81,2,31,63,4
54,3.2,3.666667,3.666667,2.5,3.333333,3.833333,3.4,2,3.833333,2.333333,3.5,3,3.175,3.3125,2.958333,2.6875,2.666667,3.1875,3.125,2.833333,3.1875,2.8125,3.104167,2.8,38,74,53,17,34,29,23,60,47,35,54,41,55,92,94,40,89,94,54,20,92,11,87,63
55,3.2,3,2,2.25,2.166667,2.666667,3.2,1.833333,2.5,2.666667,3,2.2,3.6,3.383333,3.084746,3.175,2.8,3.4,3.56,2.883333,3.216667,3.35,3.316667,2.836735,96,83,74,79,60,70,88,69,50,98,89,47,55,32,4,20,10,15,42,10,19,31,50,12
56,3.6,2.833333,3.333333,2.75,2.833333,3,2.4,2.833333,3.5,2.666667,2.833333,3.6,3.088889,2.962963,2.87037,2.916667,2.444444,3.296296,3.2,2.777778,3.037037,2.722222,2.981482,2.6,28,23,41,49,6,48,30,51,28,23,29,18,80,23,85,60,61,39,4,73,78,31,30,91
57,2,2.333333,2.333333,2.5,2.833333,2.333333,2.6,2.666667,2,2.333333,3,2.2,2.846154,2.958333,3.191489,2.6875,2.957447,3.125,3.075,2.770833,3.083333,2.75,3.1875,2.7,9,23,84,17,82,18,19,51,36,28,68,28,0,4,17,40,61,4,9,62,3,11,50,12
58,2.8,2.666667,2.666667,2.75,2.5,2.833333,2.4,2.5,3.333333,2.166667,2.5,3.2,3,2.875,2.680851,2.3125,2.8125,2.833333,2.625,2.333333,3.333333,2.375,2.604167,2.725,17,12,8,2,61,4,1,7,68,0,0,31,23,12,41,60,28,22,4,54,70,5,9,74
59,2.4,3,2.666667,2.5,2.833333,3.166667,3,2,2.833333,2.5,2.666667,2,2.866667,3.185185,2.944444,2.555556,2.611111,3.37037,3.4,2.722222,2.888889,2.555556,3.074074,2.622222,10,56,52,7,24,63,61,48,15,2,47,21,5,32,41,40,61,55,26,20,36,20,20,4
60,3.2,2.666667,3.333333,3.5,2.666667,3.333333,2.8,2.833333,3.666667,3.166667,2.833333,3.6,3,2.833333,3.229167,3.40625,2.5625,3.125,3.05,2.541667,3.354167,2.854167,2.875,2.9,17,9,88,94,17,18,15,27,73,40,15,55,55,12,85,92,39,68,18,73,85,73,30,91
61,3,4,2.666667,2.5,3.166667,3.666667,3.4,2.333333,3,2.666667,3.166667,3,3.066667,3.347222,2.830986,2.8125,2.666667,3.25,3.283333,2.361111,3,2.861111,2.944444,2.883333,24,78,31,32,34,37,43,9,23,41,21,52,40,98,41,40,80,87,54,41,45,31,63,63
62,3,2.166667,1.666667,2.75,1.5,2.5,4,2.333333,2.333333,2.166667,2.5,1.4,3.2,2.933333,3.050848,3.05,2.566667,3.233333,3.44,3.116667,2.783333,2.666667,3.116667,2.58,39,18,69,63,18,34,70,90,9,14,58,17,40,1,0,60,0,7,93,41,14,5,9,0
63,3.2,3.166667,3,2.5,3,3.166667,3.2,3.166667,3,3.166667,2.666667,3,3.15,2.666667,2.782609,2.8125,2.708333,3.125,3.05,2.875,3.041667,2.958333,3.083333,3.05,35,2,23,32,42,18,15,67,29,54,48,77,55,54,66,40,71,55,42,89,45,73,20,63
64,3.6,3.333333,3,2.25,2.666667,3.5,4,3,2.333333,3.5,3.333333,3.2,3.031915,3.078947,3,3.052632,3.00885,3.185841,3.159575,2.848214,3.464912,2.973451,3.017857,2.829787,20,35,59,65,89,28,26,63,84,60,36,46,80,69,66,20,39,80,93,81,14,90,76,74
65,3.4,2.833333,2.833333,3.25,3.166667,2.666667,3.2,2,3.166667,3,2.333333,3.2,3.418182,3.166667,3.136364,3.5,2.907692,3.181818,3.472727,2.984848,3.590909,3.242424,3.106061,2.981818,77,50,79,96,78,27,76,79,94,91,56,70,68,23,53,82,80,15,42,20,56,63,1,74
66,3.6,3.333333,2.333333,2.75,2.666667,2.833333,2.6,2.333333,2.166667,2.666667,3.166667,3.2,,,,,,,,,,,,,#N/A,#N/A,#N/A,#N/A,#N/A,#N/A,#N/A,#N/A,#N/A,#N/A,#N/A,#N/A,80,69,17,60,39,22,9,41,8,31,63,74
67,3.2,3.5,3.833333,2.75,3.5,3.4,3.2,2.5,3.666667,3.5,3.166667,3.2,3.6,3.547619,3.357143,3.142857,3.238095,3.5,3.428571,2.976191,3.380952,3.023809,3.452381,3,96,97,98,72,98,84,68,79,75,69,97,70,55,80,99,60,94,79,42,54,85,90,63,74
68,2.6,3,2.666667,2,2,2.5,2.6,2.333333,3,2.666667,3,2.8,2.2,2.833333,3,3.166667,2.722222,2.611111,2.533333,2.666667,3.166667,2.944444,2.888889,2.6,0,9,59,76,44,1,0,41,44,52,16,18,14,32,41,8,5,7,9,41,45,31,50,47
69,2.6,2.166667,2.166667,2.25,2.833333,3,3.2,3,2.833333,2.666667,2.166667,2.8,3,3.1,2.8,2.85,2.766667,3.533333,3.28,2.533333,3,2.966667,2.7,3.32,17,38,26,38,53,91,42,26,23,56,2,92,14,1,10,20,61,39,42,81,36,31,0,47
70,,,,,,,,,,,,,,,,,,,,,,,,,#N/A,#N/A,#N/A,#N/A,#N/A,#N/A,#N/A,#N/A,#N/A,#N/A,#N/A,#N/A,#N/A,#N/A,#N/A,#N/A,#N/A,#N/A,#N/A,#N/A,#N/A,#N/A,#N/A,#N/A
71,2.8,2.166667,2.5,3,2.333333,2.833333,3.4,2.5,2.166667,3,2.666667,2.2,3.05,3.041667,2.916667,3.125,2.354167,3.270833,3.275,2.729167,2.916667,2.729167,2.958333,2.575,21,31,47,70,1,44,41,49,17,25,26,17,23,1,31,70,19,22,54,54,8,63,20,12
72,3.6,3.166667,2.5,2.5,2.666667,3.833333,3.8,3,3.333333,3.166667,3.333333,3,3.454545,3,2.818182,2.772727,2.484848,3.484848,3.462963,2.590909,3.060606,3,3.166667,2.611111,83,26,31,26,10,83,74,30,31,63,64,20,80,54,31,40,39,94,78,81,70,73,76,63
73,2.8,3,2.5,2.5,2.333333,2.666667,3,2.833333,3.333333,2.666667,2.333333,3,2.914286,2.952381,2.714286,2.642857,2.595238,3.309524,3.228571,2.642857,2.833333,2.571429,3.047619,2.371428,13,21,12,14,21,49,33,37,11,4,39,6,23,32,31,40,19,15,26,73,70,31,1,63
74,3.4,3.333333,2.833333,2.25,2.166667,3.333333,3,2.333333,3.166667,3.166667,3.166667,3.2,3.488889,3.62963,3.240741,3.222222,2.888889,3.648148,3.6,3.092592,3.518518,3.203704,3.425926,3.177778,89,99,89,83,73,98,92,88,88,86,96,87,68,69,53,20,10,68,26,41,56,73,63,74
75,3.2,2.666667,2,2.25,2,2.833333,3,2.666667,2.166667,2.666667,3.166667,2.2,2.95,2.875,2.75,2.96875,2.375,3.25,3.375,3.020833,2.791667,2.708333,2.916667,2.175,14,12,16,53,2,37,60,82,9,21,19,1,55,12,4,20,5,22,26,62,8,31,63,12
76,3.8,2.833333,3.166667,3.25,2.666667,3.5,3.8,3.166667,2.5,3.166667,3.166667,3.2,3.145455,2.969697,2.727273,2.840909,2.287879,3.378788,3.272727,2.590909,2.861538,2.738461,3.015152,2.563636,35,25,13,37,0,66,41,30,13,27,35,15,91,23,76,82,39,80,78,89,19,73,63,74
77,3.6,2.833333,3.166667,3.5,2.666667,3.833333,3.6,2.833333,3.666667,2.5,2.666667,2.2,3.446154,2.641026,2.641026,3.384615,2.576923,3.358974,3.092308,3.166667,3.25641,2.846154,2.807692,2.753846,82,0,4,93,20,60,20,93,57,39,10,37,80,23,76,92,39,94,67,73,85,20,20,12
78,2.6,2.833333,2,2.5,2.666667,3,3,1.666667,2.833333,2,2.833333,2.6,3.317647,3.294118,2.95098,3.044118,2.872549,3.352941,3.341177,2.764706,3.294118,3.029412,3.27451,2.97647,61,71,53,62,72,59,55,50,62,71,80,69,14,23,4,40,39,39,26,6,36,1,30,35
79,3.6,3,3.166667,3,3.333333,3.166667,3.2,2.666667,3.333333,3,3.166667,2.8,3.577778,3.314815,3.111111,2.805556,2.962963,3.62963,3.422222,2.833333,3.351852,2.759259,3.444444,2.977778,95,75,77,31,83,98,66,60,72,29,97,69,80,32,76,70,89,55,42,62,70,63,63,47
80,3,3,3,2.5,3,3,2.8,1.833333,3.333333,2.333333,2.333333,2.4,2.742857,3.095238,2.976191,2.964286,2.785714,3.166667,3,2.560976,3.333333,2.829268,2.809524,2.685714,5,36,56,53,57,24,12,28,68,36,10,26,40,32,66,40,71,39,18,10,70,11,1,23
81,3.4,3.5,2.833333,1.75,2.833333,2.166667,2.4,1.833333,3,2.5,3.2,3.2,3.3,3.458333,3.0625,2.625,2.958333,3.229167,3.25,2.5,3.458333,3.0625,3.125,3.3,56,91,70,11,82,33,36,20,84,75,60,90,68,80,53,3,61,2,4,10,45,20,75,74
82,3.8,3,2.833333,2.25,3.833333,3.666667,3.6,1.333333,3.5,2.666667,3.166667,3.2,3.257143,3.166667,2.809524,2.892857,2.690476,3.380952,3.228571,2.714286,3.166667,2.880952,3.071429,2.657143,49,50,29,45,40,67,33,47,44,43,47,23,91,32,53,20,100,87,67,1,78,31,63,74
83,3.2,2.666667,2.5,2.75,2.333333,3.166667,3,4,2.833333,2.166667,2.833333,2.4,3.3,2.805556,2.805556,2.875,2.388889,3.4,3.333333,2.777778,3.027778,2.657143,2.972222,2.566667,56,8,28,42,3,70,51,51,26,12,27,15,55,12,31,60,19,55,26,100,36,5,30,23
84,2.4,3.166667,2.166667,2,3.166667,2,3,1.833333,3,3.833333,2.5,3,2.571429,3.095238,2.547619,1.892857,2.5,2.333333,2.371428,1.809524,2.976191,2.738095,2.642857,2.8,2,36,1,0,11,0,0,0,20,26,0,41,5,54,10,8,80,0,26,10,45,97,9,63
85,2.4,3.333333,2,2,2.166667,3.666667,3.4,1.833333,2.833333,3,2.833333,2.8,3.127273,3.257576,2.80303,3.090909,2.681818,3.439394,3.472727,2.5,3.30303,2.954545,3.060606,2.927273,32,67,27,68,37,77,76,20,64,53,45,61,5,69,4,8,10,87,54,10,36,63,30,47
86,3.2,3.166667,3,2.5,2.666667,2.833333,3.6,2.5,2.666667,3.166667,3,2.8,3.4,3.203704,2.851852,2.888889,2.596154,3.326923,3.590909,2.811321,3.222222,2.634615,3.018518,2.880952,72,61,37,45,22,53,91,58,50,10,37,51,55,54,66,40,39,22,67,54,29,73,50,47
87,3.6,3.166667,2.666667,2.5,2.666667,2.5,2.8,3.333333,2.666667,2.166667,2.5,2,3.55,3.291667,2.833333,2.25,2.5,3.25,3.45,2.208333,3.416667,2.666667,3.208333,3.05,94,71,32,1,11,37,72,3,80,14,71,77,80,54,41,40,39,7,18,93,29,5,9,4
88,2.6,3,2.833333,2,3.166667,2.833333,3,2.333333,3.5,2.833333,2.333333,3,3.272727,3.30303,2.787879,2.744186,2.863636,3.075758,3,2.30303,3.348485,2.984848,2.893939,3.309091,51,74,24,22,70,13,12,5,72,62,17,91,14,32,53,8,80,22,26,41,78,53,1,63
89,3.4,3,2.166667,2.5,2.5,3.333333,3.6,2.166667,2.666667,2.5,2.666667,2.6,2.8,2.895833,2.708333,2.5625,2.458333,3.125,3.15,2.416667,2.625,2.5625,2.875,2.35,7,16,11,8,9,18,25,13,1,4,15,5,68,32,10,40,28,68,67,31,29,20,20,35
90,3,3.166667,2.666667,2.75,2.333333,3.333333,3.8,2.5,2.666667,3.166667,3.166667,2,3.711111,3.415094,3.185185,3.166667,2.796296,3.555556,3.822222,2.622642,3.388889,3.277778,3.462963,3.022222,100,87,82,76,59,93,100,35,76,93,98,74,40,54,41,60,19,68,78,54,29,73,63,4
91,2.2,2.666667,2.333333,3,2.333333,2.666667,2.6,2.333333,3.166667,2.833333,2.5,2.4,3.06,2.8,2.9,3.1,2.816667,3,2.9,2.816667,3.033333,2.633333,2.7,2.72,23,7,45,69,63,8,6,59,28,9,2,30,2,12,17,70,19,15,9,41,56,53,9,23
92,3,3,3,3.25,2.5,3,2.8,3.666667,3,2.333333,2.666667,2.6,3.3,3,3.333333,3.375,2.729167,3.458333,3.525,3.125,3.520833,3.083333,3.270833,2.9,56,26,95,92,46,79,84,90,89,77,79,55,40,32,66,82,28,39,18,97,45,11,20,35
93,3.4,3.5,3.333333,2.75,3.5,3,2.4,2.666667,4,3.833333,3.5,3.6,3.142857,3.3,3.183333,3.05,3.033333,3.016667,2.94,2.483333,3.4,3.166667,2.95,3.04,34,72,82,63,90,10,9,19,78,84,23,75,68,80,85,60,94,39,4,62,96,97,87,91
94,3.2,3,2.833333,2.5,2.666667,3.333333,2.8,2,3,2.166667,2.833333,3.2,3.3,3.416667,3.027778,2.791667,3.222222,3.333333,3.2,2.25,3.583333,3.027778,3.2,3.266667,56,88,66,29,97,54,30,3,93,70,70,90,55,32,53,40,39,68,18,20,45,5,30,74
95,3,2.666667,2.833333,3.25,2.666667,3,3.6,3.5,3,2.5,2.666667,3.2,3.316667,2.986111,3.208333,2.9375,2.736111,3.375,3.116667,2.916667,3.361111,2.930556,2.944444,3.066667,60,26,86,51,47,64,22,70,74,51,21,78,40,12,53,82,39,39,67,94,45,20,20,74
96,2.8,2.666667,2.333333,2.25,2.333333,3.666667,3.6,2.666667,3.166667,2.333333,2.833333,2.2,3.325,3.375,2.854167,2.5,2.770833,3.666667,3.625,2.291667,3.041667,2.916667,3.270833,2.525,63,80,38,5,54,99,95,4,29,46,79,12,23,12,17,20,19,87,67,62,56,11,30,12
97,3,3.166667,2,2.25,2.166667,2.5,3.6,2.666667,1.666667,3,2.666667,2,3.46,3.216667,2.616667,2.775,2.533333,3.466667,3.66,2.65,2.666667,3.066667,3.183333,2.52,85,63,3,27,14,81,97,39,4,76,67,11,40,54,4,20,10,7,67,62,1,63,20,4
98,3.2,3,2.333333,2.5,2,2.833333,3.2,2.833333,2.833333,2.666667,2.833333,3.2,3.666667,3.416667,3.333333,2.75,3.111111,3.611111,3.433333,2.861111,3.055556,2.972222,3.361111,3.166667,98,88,95,23,93,96,69,65,30,58,92,85,55,32,17,40,5,22,42,73,36,31,30,74
99,2.6,2.666667,3.166667,2,2.833333,2.166667,2,2.166667,3.833333,2,2.5,2.8,2.7,3.208333,2.958333,2.6875,2.833333,2.875,3.1,2.458333,3.625,2.875,2.833333,2.9,4,63,53,17,64,5,20,16,97,42,12,55,14,12,76,8,61,2,0,31,92,1,9,47
100,3.8,3.666667,3.333333,1.5,3,3,3.8,1.833333,3.333333,2.666667,3.833333,3.4,3.28,3.383333,2.779661,2.1,2.85,3.283333,3.22,1.8,2.535714,2.766667,3.116667,2.66,53,83,22,0,68,46,32,0,0,30,58,24,91,92,85,0,71,39,78,10,70,31,97,86
101,2.6,2.666667,2.5,3.25,2.5,2.833333,3.6,2.166667,2.5,2.5,2.5,2.4,3.353846,3.115385,2.884615,3.288461,2.858974,3.25641,3.53125,2.51282,2.794872,2.974359,3.128205,2.738461,67,43,44,88,70,41,86,23,10,60,61,35,14,12,31,82,28,22,67,31,19,20,9,23
102,3,2.4,2.8,3.5,2.8,2.6,4,2,3.4,3.6,3.6,1.5,3.066667,2.744444,2.811111,3.383333,2.544445,3.255556,3.22973,3.144444,3.222222,2.844445,2.966667,2.426667,24,4,30,93,16,40,35,91,50,38,27,8,40,9,52,92,60,14,93,20,77,95,93,0
103,4,3.333333,3.2,3.75,3.166667,3.666667,3.8,2.833333,3.666667,2.666667,3,3.2,3.355556,3.166667,3.018518,3.194444,2.722222,3.37037,3.066667,2.703704,3.074074,2.685185,3.074074,2.688889,68,50,64,80,44,63,18,45,35,17,47,27,98,69,85,96,80,87,78,73,85,31,50,74
104,3,3.333333,2.833333,2.25,3.333333,2.833333,2.2,2.333333,2.833333,3.166667,2.833333,3,3.153846,3.01282,3,2.865385,2.692308,3.217949,3.169231,2.589744,3.448718,2.74359,3,2.692308,36,30,59,41,40,32,27,30,83,27,31,28,40,69,53,20,89,22,2,41,36,73,30,63
105,2.8,3,3,3,2.666667,3.166667,3,2.333333,3.166667,2.166667,3,3.2,3.125,3.1875,2.9375,2.75,3,3.085106,3.3,2.93617,3.3125,2.702128,2.957447,2.725,31,57,52,23,88,15,46,75,65,20,25,31,23,32,66,70,39,55,26,41,56,5,50,74
106,3,3.166667,2.333333,2.25,2.666667,2.666667,3,2,2.166667,2.666667,2.833333,2.2,3.292308,3.532468,3.115385,2.884615,3.025641,3.448718,3.507692,2.51282,3.294872,2.910256,3.333333,3.030769,56,96,78,44,90,78,80,23,63,46,89,75,40,54,17,20,39,15,26,20,8,31,30,12
107,3.2,3.166667,2,2.5,2.833333,3,3.6,2.666667,2.333333,3.166667,3.333333,2.6,3.405063,3.125,3,3.095238,2.709677,3.273684,3.481013,2.880435,3.193548,2.916667,3.085106,2.961539,76,44,59,68,43,44,78,68,48,46,50,66,55,54,4,40,61,39,67,62,14,73,76,35
108,2.8,3,2.666667,2,2.666667,3.166667,3.8,2,2.5,3,2.833333,2.6,3.2,3.186441,2.866667,2.74359,2.75,3.516667,3.32,2.716667,3.083333,2.65,2.95,2.84,39,56,40,22,50,88,49,47,36,12,23,47,23,32,41,8,39,55,78,20,19,63,30,35
109,3.6,2.666667,3.166667,2,2.666667,3.333333,3.4,2.833333,2.166667,3,2.833333,3,2.9,2.75,2.583333,3.125,2.354167,3.0625,3.275,2.833333,2.645833,2.583333,2.8125,2.45,11,5,2,70,1,12,41,60,3,5,10,9,80,12,76,8,39,68,54,73,8,63,30,63
110,2.4,3.333333,2.333333,2.5,3,3,3.2,2.5,3.333333,2.833333,3,2.8,3.4,3.181818,2.904762,2.83871,2.714286,3.227273,3.289474,3.022727,3.116279,2.844445,3.133333,2.921053,72,54,46,37,43,33,45,83,39,38,61,60,5,69,17,40,71,39,42,54,70,53,50,47
111,2.2,2.833333,2.333333,2.5,1.833333,3,3.4,2.666667,2.5,2.666667,2.333333,2.6,3.05,2.9375,2.583333,2.875,2.4375,3.375,3.6,2.604167,2.770833,2.625,3.083333,2.2,21,19,2,42,5,64,92,33,8,8,48,1,2,23,17,40,2,39,54,62,19,31,1,35
112,2.4,3,2.666667,2.25,2.333333,3.166667,2.6,1.666667,2,1.666667,3.5,2.4,3.275,3.395833,3.0625,2.65625,2.833333,3.416667,3.175,2.4375,3.416667,2.895833,3.3125,3.15,52,86,70,14,64,74,28,15,80,44,88,85,5,32,41,20,19,55,9,6,3,0,87,23
113,3,3.666667,2.666667,2.25,2.666667,2.5,3,1.5,2.166667,2.833333,2.833333,2.6,3.371428,3.428571,3.071429,2.607143,2.833333,3.261905,3.428571,2.309524,2.857143,2.833333,3.380952,2.885714,70,89,72,9,64,42,68,5,13,36,92,52,40,92,41,20,39,7,26,3,8,53,30,35
114,2.4,2.833333,2.333333,2.25,2.5,2.333333,2.8,2,2.5,2.166667,2.5,2,3.430769,3.384615,2.807692,2.692308,2.818182,3.51282,3.584615,2.397436,3.168831,2.98718,3.25641,2.892308,79,84,28,19,63,87,90,12,46,62,78,55,5,23,17,20,28,4,18,20,19,5,9,4
115,3.4,3.833333,3.666667,3,3.5,3.333333,3.8,2.833333,3.333333,2.833333,3,3.6,3.409091,3.574074,3.469388,3.058824,3.288461,3.519231,3.255814,2.764706,3.75,3.215686,3.407408,3.340909,76,98,100,65,99,89,38,50,98,89,94,94,68,96,94,70,94,68,78,73,70,53,50,91
116,3,3,2.666667,2,2.666667,2.333333,2.8,2.166667,3.333333,2.666667,2.5,2.4,3.545455,3.469697,3.046154,2.75,2.921875,3.424242,3.454545,2.421875,3.454545,3.015152,3.272727,3.181818,93,91,69,23,79,76,73,14,83,67,80,88,40,32,41,8,39,4,18,31,70,31,9,23
117,3,3.2,2.2,2.5,3,3.2,3.25,2.2,3,2.6,3.2,2.25,3.511111,3.12963,3.240741,3.527778,2.759259,3.648148,3.6,3.296296,3.574074,3.037037,3.203704,2.933333,90,46,89,97,50,98,92,100,92,71,70,61,40,69,16,40,71,66,54,40,45,31,75,22
118,3.2,3.166667,3.333333,2.25,2.5,3.166667,3.2,2.333333,3.333333,3.333333,3.5,3.4,3.422222,3.222222,2.962963,2.861111,2.796296,3.259259,3.577778,2.62963,3.314815,3.203704,3.5,3.066667,78,64,55,40,59,41,89,36,67,86,100,78,55,54,85,20,28,55,42,41,70,84,87,86
119,,,,,,,,,,,,,3.466667,3.388889,3.111111,3,2.944444,3.277778,3.266667,2.666667,3.333333,3.055556,3.277778,3.333333,86,85,77,56,80,45,39,41,68,74,81,93,#N/A,#N/A,#N/A,#N/A,#N/A,#N/A,#N/A,#N/A,#N/A,#N/A,#N/A,#N/A
120,2.6,3.333333,2.166667,2,2.833333,3.333333,3.2,1.166667,2.833333,2.5,2.833333,2.6,3.428571,3.261905,2.809524,2.571429,2.761905,3.357143,3.057143,2.452381,3.238095,3,3.309524,2.8,79,68,29,9,51,60,17,16,52,63,87,41,14,69,10,8,61,68,42,0,36,20,30,35
121,2.8,3.5,3,2,2.166667,2.833333,2.2,1.166667,3.166667,2.333333,2.833333,2.6,3.381818,3.378788,3.166667,3,2.954545,3.409091,3.181818,2.712121,3.409091,3.151515,3.106061,3.127273,71,80,81,56,81,73,29,46,79,83,56,84,23,80,66,8,10,22,2,0,56,11,30,35
122,3.6,2.833333,2.333333,3,3,3,3.8,2.166667,2.5,2.666667,2.5,3,3.114286,2.780488,2.926829,2.678571,2.8,3.536585,3.371428,2.317073,3.071429,2.928571,2.756098,2.742857,30,6,50,16,60,91,60,6,33,50,6,36,80,23,17,70,71,39,78,31,19,31,9,63
123,2.4,3.166667,3.333333,3.25,2.833333,3,3,3.5,2.666667,3.333333,2.833333,3.2,2.977778,3.433962,3.314815,3.361111,2.888889,3.12963,3.422222,3.09434,3.396226,3.333333,3.056604,3.244444,16,89,94,91,73,21,66,89,78,97,45,89,5,54,85,82,61,39,26,94,29,84,30,74
124,2.8,3.333333,2.666667,2.25,2.5,3.5,3.8,2.166667,3.5,2.833333,3.5,2.6,3.325,3.145833,3.083333,3.15625,2.958333,3.375,3.4,3.25,3.25,3,3.354167,2.825,63,48,72,75,82,64,61,97,54,63,91,45,23,69,41,20,28,80,78,31,78,53,87,35
125,3.2,3.166667,2.5,2.25,2.5,3.166667,3.2,2.333333,3,2.666667,2.833333,2.2,2.52,3,2.758621,2.15,2.655172,2.62069,2.625,2.137931,3.275862,2.517241,2.733333,2.76,1,26,18,1,33,1,1,2,59,1,5,37,55,54,31,20,28,55,42,41,45,31,30,12
126,3.6,2.833333,2.333333,2,2.166667,3.666667,3.6,1.5,3.333333,2.666667,2.833333,2.2,3.483333,3.263889,2.785714,2.851064,2.724638,3.492958,3.355932,2.358209,3.114286,2.661972,3.097222,2.736842,89,69,23,39,45,84,57,9,39,13,52,34,80,23,17,8,10,87,67,3,70,31,30,12
127,3.6,3.166667,3,3,2.166667,3.166667,3.8,3,1.333333,2.666667,2.833333,2.4,3.24,3.05,2.683333,2.775,2.633333,3.1,3.32,2.5,2.866667,3.05,3.133333,2.86,45,32,9,27,27,15,49,20,14,73,61,49,80,54,66,70,10,55,78,81,0,31,30,23
128,3.2,3.5,3,2,2.666667,3.5,3.4,1.666667,2.5,2.5,3,2.8,3.4,3.071429,2.880952,3.035714,2.833333,3.714286,3.457143,3.285714,2.928571,2.857143,3.190476,3,72,35,42,60,64,100,73,98,18,40,69,70,55,80,66,8,39,80,54,6,19,20,50,47
129,2.6,3.333333,2.833333,2.25,2.166667,3.333333,2.8,2.666667,2.833333,2.666667,3.333333,2.4,3.2,3.205128,2.717949,2.903846,2.618421,3.320513,3.369231,2.820513,3.052632,2.846154,3.051282,2.8,39,62,13,47,26,52,59,60,30,39,42,41,14,69,53,20,10,68,18,62,36,31,76,23
130,3.4,3.166667,1.833333,2.25,2,2,2.4,2.333333,2.333333,3.333333,2.833333,2.8,2.733333,3.203704,2.833333,2.805556,2.759259,2.925926,3.222222,2.444444,3.12963,3.111111,2.888889,2.977778,4,61,32,31,50,6,33,15,40,78,16,69,68,54,1,20,5,0,4,41,14,84,30,47
131,2.8,3,2.833333,3.25,2.5,3,3,2.666667,3.166667,2.5,2.833333,2.8,2.583333,2.972222,3.138889,3.208333,2.777778,3.055556,2.9,2.819444,3.5,3.25,2.944444,2.966667,3,25,80,81,55,11,6,59,85,92,21,66,23,32,53,82,28,39,26,62,56,20,30,47
132,2.8,3.166667,1.666667,3.25,3.166667,2.333333,2.6,1.833333,2.833333,3.333333,2.5,3.2,3.25,3.125,3.083333,3,2.645833,3.319149,3.102564,2.833333,3.5625,3.520833,3.229167,3.325,47,44,72,56,29,51,22,60,91,100,74,93,23,54,0,82,80,4,9,10,36,84,9,74
133,2.4,3.5,3.5,3.5,2.666667,3,3,2.166667,3.833333,3.5,2.333333,3.2,3.08,3.172414,3.310345,3.6,3.241379,3.344828,3.125,2.655172,3.551724,3.3,3.137931,3.4,26,53,93,98,98,57,23,40,90,95,62,96,5,80,91,92,39,39,26,31,92,90,1,74
134,3.2,3.166667,2.333333,2.5,2.833333,3,3.6,2.666667,2.166667,2.333333,2.833333,2.8,2.851852,2.878788,2.712121,2.863636,2.815385,2.969697,3,2.651515,2.863636,2.545455,2.907692,2.509091,9,14,12,40,62,6,12,40,14,2,19,10,55,54,17,40,61,39,67,62,8,11,30,47
135,3,3.166667,3.333333,2.25,2.833333,2.666667,2,2.333333,3.166667,2.833333,3.333333,3.2,3.4,3.508475,3.186441,3.15,2.929825,3.35,2.94,2.465517,3.416667,3.305085,3.233333,3.306123,72,95,83,73,80,58,9,18,80,96,75,91,40,54,85,20,61,15,0,41,56,53,76,74
136,2.6,3.333333,2.666667,2.25,2.666667,2.666667,3.6,2.333333,3,2.833333,2.666667,2.8,2.897959,3.1,2.982143,2.820513,2.775862,3.25,3.040816,2.59322,3.355932,2.766667,2.8,3,11,38,58,33,54,37,14,31,73,30,9,70,14,69,41,20,39,15,67,41,45,53,20,47
137,3.2,2.333333,1.833333,2.75,2.666667,2.833333,2.8,1.333333,1.833333,3,2.833333,2,3.466667,3.166667,2.981482,3.277778,2.740741,3.45283,3.488889,3.037037,2.888889,3.12963,3.166667,2.777778,86,50,57,87,49,78,80,84,15,79,64,39,55,4,1,60,39,22,18,1,2,63,30,4
138,3.8,3,3.166667,4,3.166667,2.833333,4,2.833333,3.166667,3.166667,3.833333,1.8,3.42,3.183333,3.216667,3.325,2.95,3.216667,3.36,2.916667,3.383333,3.083333,3.233333,2.92,77,55,87,90,81,31,57,70,76,77,75,59,91,32,76,98,80,22,93,73,56,73,97,1
139,3,3,2.666667,2.5,1.833333,2.333333,3.4,1.833333,2.166667,3.166667,3.5,2.2,3.2,2.95,2.65,3.05,2.4,3.116667,3.34,2.7,2.644068,3.15,3.25,2.66,39,21,5,63,4,17,54,44,3,82,77,24,40,32,41,40,2,4,54,10,8,73,87,12
140,3.6,3.833333,3.166667,2.75,2.666667,3.666667,3.8,3,3.666667,3.5,3.333333,3.8,3.283333,3.097222,2.75,3.104167,2.652778,3.208333,3.283333,2.916667,3.25,2.972222,2.888889,3.05,54,38,16,70,32,30,43,70,54,58,16,77,80,96,76,60,39,87,78,81,85,90,76,96
141,2.2,3.5,2.833333,2.25,2.666667,3,3,2,2.666667,3.166667,3,3.6,3.225,3.375,2.916667,3,2.583333,3.125,3.05,2.5625,3.3125,3.020833,2.979167,3.075,44,80,47,56,20,18,15,29,65,68,29,80,2,80,53,20,39,39,26,20,29,73,50,91
142,3.6,2.333333,2.666667,3,3.166667,3,3,2.333333,2.5,2.166667,2.666667,2.4,3.436364,2.80303,2.676923,3.272727,2.523809,3.5,3.618182,2.848485,3.015625,2.712121,3.092308,2.272727,81,8,8,87,13,84,95,64,25,21,51,3,80,4,41,70,80,39,26,41,19,5,20,23
143,2.8,3,2.333333,3,2.833333,2.833333,2.6,2.166667,3.166667,2.666667,2.666667,2.6,3.433333,3.25,3.277778,3.520833,3.055556,3.402778,3.333333,2.916667,3.541667,3.319444,3.305556,3.4,80,66,91,97,91,72,51,70,90,97,87,96,23,32,17,70,61,22,9,31,56,31,20,35
144,3.6,3,2.5,3.75,2.666667,3.666667,3.6,3.166667,2.666667,3,2.833333,2.6,3.642857,2.892857,2.916667,3.607143,2.916667,3.511905,3.6,3.214286,3.023809,2.964286,3.154762,3.071429,97,16,47,99,78,87,92,96,25,55,64,80,80,32,31,96,39,87,67,89,29,63,30,35
145,2.8,3.166667,2.5,3.25,2.333333,3.166667,3,2.166667,3.166667,2.666667,3.166667,2,3.4,3.1875,2.76087,2.875,2.688889,3.458333,3.4,2.688889,3.06383,2.765957,3.104167,2.736842,72,57,19,42,39,79,61,43,31,29,54,34,23,54,31,82,19,55,26,31,56,31,63,4
146,2.2,2.833333,1.833333,1.75,2,3,3.2,1.666667,3.166667,3.333333,2.833333,2.6,3.32,3.3,2.966102,2.975,2.728814,3.366667,3.34,2.661017,3,3.133333,3.288136,2.92,62,72,55,54,46,62,54,40,23,80,84,59,2,23,1,3,5,39,42,6,56,84,30,35
147,3.4,3,3.166667,3,3.166667,3.333333,3.2,2.5,3.666667,3.333333,3.166667,2.8,3.057143,3.146342,2.804878,3.333333,2.439024,3.238095,3.628572,2.625,2.97561,2.904762,2.95,2.714286,22,49,27,90,6,36,96,35,20,45,23,29,68,32,76,70,80,68,42,54,85,84,63,47
148,3,2.666667,2,2.25,2.166667,3.2,3.2,1.166667,2.666667,2,2.833333,1.6,3.085714,3.190476,3.023809,3.035714,2.785714,3.285714,3.514286,2.404762,3.119048,2.904762,3,3.085714,27,59,65,60,57,47,81,12,40,45,31,81,40,12,4,20,10,66,42,0,29,1,30,0
149,2.4,2.333333,2.333333,2,2.166667,2.666667,2.4,2,1.833333,2.5,2.333333,2.4,3.34,3.316667,3.1,2.625,3.152542,3.220339,3.020408,2.8,3.066667,2.966667,3.05,3.18,64,76,76,11,95,32,13,55,32,56,40,87,5,4,17,8,10,15,4,20,2,20,1,23
150,2.8,2.333333,2,2.25,2,2.666667,2.8,3,2.833333,2.166667,2.333333,2.2,3.425,3.104167,3.1875,3.21875,2.791667,3.458333,3.325,3.145833,3.333333,3.106383,3.145833,2.85,78,41,84,82,58,79,51,91,68,78,63,48,23,4,4,20,5,15,18,81,36,5,1,12
151,3.6,2.833333,2.166667,2.25,3.333333,2.5,3.4,2,2.833333,2.666667,3.166667,3,3.628572,3.333333,2.987952,3.145455,2.666667,3.5,3.728571,3.012048,3.337349,3.130952,3.416667,2.9,97,76,58,73,34,84,99,81,71,79,95,55,80,23,10,20,89,7,54,20,36,31,63,63
152,3.2,3.166667,3.166667,1.75,3,3,3.2,2.166667,2.166667,3.166667,3,2.6,2.58,3.25,2.7,2.95,2.65,2.816667,3.48,2.316667,2.9,3.05,2.866667,2.78,3,66,10,52,30,3,78,6,16,73,14,40,55,54,76,3,71,39,42,31,8,73,50,35
153,2.8,2.5,2.5,2,2.333333,2.833333,2.8,2.166667,2.5,2.333333,2.833333,2,3.355556,3.277778,3.037037,3.166667,2.962963,3.407408,3.477273,3.055556,3.111111,3.169811,3.388889,2.777778,68,70,67,76,83,73,77,85,38,85,93,39,23,9,31,8,19,22,18,31,19,11,30,4
154,3.4,4,3.5,2.5,2.833333,4,3.8,3.5,3.5,3.5,3.5,3.6,3.375,3.6875,3.354167,3.03125,2.979167,3.291667,3.25,2.6875,3.604167,3.229167,3.354167,3.5,70,100,97,59,87,48,36,43,96,90,91,99,68,98,91,40,61,99,78,94,78,90,87,91
155,3.8,2.666667,2.833333,2.5,2.833333,3,3,1.833333,3.666667,2.666667,3,3.8,3.475,2.875,3.25,3.1875,2.854167,3.595745,3.4,3,3.574468,3.270833,2.916667,3.425,88,12,90,79,69,95,61,80,92,93,19,97,91,12,53,40,61,39,26,10,85,31,50,96
156,3.2,3.666667,3.166667,1.75,3.666667,2.833333,2,2.166667,4,2.833333,3.166667,3,3.466667,3.388889,3.055556,2.791667,2.971429,3.4,3.6,2.857143,3.527778,3.138889,3.277778,2.966667,86,85,70,29,85,70,92,64,90,81,81,66,55,92,76,3,98,22,0,31,96,53,63,63
157,3.4,3.5,3.166667,2.75,2.333333,3.5,4,2.166667,3.833333,3,3,2.2,3.466667,3.222222,2.861111,2.708333,2.972222,3.611111,3.266667,2.527778,3.194444,2.805556,3.055556,2.866667,86,64,39,20,85,96,39,25,48,34,43,49,68,80,76,60,19,80,93,31,92,63,50,12
158,3.6,3.333333,1.666667,2.25,2.666667,3.833333,4,3.5,2.5,2.666667,3,1.6,3.26,3.1,2.85,2.775,2.683333,3.25,3.26,2.779661,3.1,2.916667,3.1,2.8,50,38,36,27,37,37,38,53,38,46,53,41,80,69,0,20,39,94,93,94,19,31,50,0
159,3.4,3,2.333333,2.75,2,3.5,4,2.166667,2.333333,3.166667,3.5,2.4,3.302325,3,2.843137,3.166667,2.411765,3.203704,3.422222,3.06,2.811321,3.018518,3,2.55814,60,26,35,76,4,30,66,85,10,68,31,14,68,32,17,60,5,80,93,31,14,73,87,23
160,2.8,2,2.333333,3.75,2.5,2.833333,3.4,3.166667,2.833333,2.166667,2.833333,1.8,3.28421,3,2.893805,3.210526,2.614035,3.403509,3.642105,3.157895,3.087719,2.929825,3.114035,2.673684,54,26,45,81,25,72,97,92,37,51,58,25,23,0,17,96,28,22,54,89,36,5,30,1
161,3,3.5,2.5,2.25,3.166667,3,2.6,2,3.833333,3.333333,3,3.8,3.163636,3.136364,2.772727,2.795455,2.6,3.181818,2.872727,2.415385,2.984848,2.772727,2.984848,2.727273,37,47,20,30,22,27,5,13,22,31,30,33,40,80,31,20,80,39,9,20,92,84,50,96
162,3,2.166667,3.166667,2.25,2.166667,3.166667,3,2.666667,1.333333,2.333333,2.5,1.8,2.955555,2.740741,2.796296,2.833333,2.518518,3.277778,3.244444,2.611111,2.62963,2.555556,2.87037,2.266667,15,4,25,35,13,45,35,34,2,2,14,2,40,1,76,20,10,55,26,62,0,11,9,1
163,2.6,2.666667,3,2.75,3,2.833333,3,2.5,3,2.833333,2.5,3.2,3.54,3.483333,3.316667,3.15,3.333333,3.516667,3.44,2.833333,3.483333,3.2,3.35,3.36,92,92,94,73,99,88,70,60,85,85,90,95,14,12,66,60,71,22,26,54,45,53,9,74
164,1.6,2.166667,2.166667,2,2.666667,2.333333,2.6,1.833333,2.5,2,2.333333,2.2,3.133333,3.203704,3.226415,2.833333,2.796296,3.388889,3.355556,2.703704,3.277778,2.925926,3.222222,2.822222,32,61,87,35,59,68,56,45,59,48,73,45,0,1,10,8,39,4,9,10,19,1,1,12
165,2.8,2.666667,2.833333,2,2.666667,2.5,2,1.666667,2.666667,3.166667,2.666667,2.8,3.65,3.611111,3.291667,3.041667,3.138889,3.513889,3.35,2.916667,3.442857,3.305556,3.402778,3.316667,98,99,92,62,94,88,55,70,82,96,94,92,23,12,53,8,39,7,0,6,29,73,20,47
166,2.8,3.166667,3.166667,2.5,2.166667,2.833333,3.2,2,2.5,2.333333,3.166667,2,2.82,3.116667,2.7,2.5,2.733333,2.983333,3.32,2.6,2.983333,2.716667,3.066667,2.52,8,43,10,5,47,7,49,32,21,22,46,11,23,54,76,40,10,22,42,20,19,11,63,4
167,3.4,3.5,2.5,2.5,2.5,2.666667,3.8,2.833333,3.166667,2.666667,3.333333,3,3.68,3.3,3.25,3.05,2.916667,3.583333,3.64,2.7,3.5,3.288136,3.466667,3.1,99,72,90,63,78,95,96,44,85,94,99,82,68,80,31,40,28,15,78,73,56,31,76,63
168,3.4,3.166667,3.166667,3,3.333333,3.333333,3.4,2.666667,2.833333,3.5,3.333333,3.8,3.433333,2.888889,3,3.083333,2.888889,3.138889,3.366667,3,3.388889,3.277778,3.111111,3.433333,80,15,59,67,73,22,58,80,76,93,57,98,68,54,76,70,89,68,54,62,36,90,76,96
169,3.6,2.833333,3,4,2.666667,2.833333,3.4,3.5,3.166667,3.333333,3.333333,3.8,3.488889,3.555556,3.462963,3.361111,3.12963,3.388889,3.066667,3.018518,3.759259,3.388889,3.277778,3.555556,89,98,99,91,93,68,18,82,99,99,81,99,80,23,66,98,39,22,54,94,56,84,76,96
170,3.8,3.333333,3.666667,4,2.5,3.5,4,2.666667,2.833333,3.666667,3.833333,3,3.2,3.12963,3.150943,3.222222,2.660377,3.240741,3.311111,3.166667,3.296296,2.925926,3.226415,2.933333,39,46,80,83,33,36,47,93,63,48,74,61,91,69,94,98,28,80,93,62,36,95,97,63
171,2.6,3.166667,2.666667,2,2,2.833333,3.8,2.166667,2.166667,2.5,3.166667,2.4,3.14,3.2,2.85,2.75,2.783333,3.333333,3.52,2.8,2.733333,2.816667,3.25,2.72,34,60,36,23,56,54,83,55,6,35,77,30,14,54,41,8,5,22,78,31,8,20,63,23
172,3,3.166667,3.6,2.75,2.666667,3.333333,3,2,3.5,2.5,3.166667,2.4,3.254545,2.954545,2.848485,2.886364,2.833333,3.378788,2.909091,2.484848,3.333333,2.787879,2.818182,2.925926,49,22,36,44,64,66,7,20,68,33,12,60,40,54,93,60,39,68,26,20,78,20,63,23
173,3,3,1.833333,2.25,1.666667,2.833333,3.8,1.333333,2.666667,2.666667,2.833333,1.8,3.355556,3.259259,3.018518,2.944444,2.796296,3.481482,3.422222,2.518518,3.5,2.888889,3.277778,3.111111,68,68,64,51,59,82,66,24,85,44,81,83,40,32,1,20,1,22,78,1,29,31,30,1
174,2.4,2.833333,2.166667,2.75,2.5,2.5,3.2,1.666667,2,2.5,2.5,2.8,3.45,3.355556,3,2.625,2.704545,3.361702,3.525,2.787234,3.152174,2.957447,3.1875,2.725,83,79,59,11,42,61,84,53,43,54,68,31,5,23,10,60,28,7,42,6,3,20,9,47
175,3.6,3.166667,2.166667,3.25,3,3.833333,3.6,2.666667,3.166667,2.666667,3.166667,2.6,3.38,3.3,3.2,3.15,2.9,3.4,3.58,2.95,3.25,3.133333,3.3,2.8,70,72,85,73,76,70,90,77,54,80,86,41,80,54,10,82,71,94,67,62,56,31,63,35
176,2,2.5,2.666667,2.25,1.5,2.833333,2.8,1.833333,3,2.833333,2.666667,2.4,3.24,3.477778,3.122222,2.283333,2.9,3.355556,3.466667,2.522222,3.244444,3.224719,3.422222,3.283784,45,92,79,2,76,59,75,25,54,90,95,90,0,9,41,20,0,22,18,10,45,53,20,23
177,2.8,3,2.5,2,1.833333,3,2.6,2.333333,3.666667,2,2.666667,2,2.866667,3.055556,2.861111,2.916667,2.888889,3.194444,2.933333,2.805556,3.5,2.722222,3.083333,2.733333,10,33,39,49,73,30,8,57,85,23,48,33,23,32,31,8,2,39,9,41,85,1,20,4
178,2.8,3.333333,2.5,2.25,2.666667,3,3,2.5,2.333333,3.166667,3.166667,2.8,3,2.9375,2.854167,3.21875,2.604167,3.166667,3.175,2.458333,2.854167,3,3.041667,2.6,17,19,38,82,23,24,28,16,12,63,38,18,23,69,31,20,39,39,26,54,14,73,63,47
179,3.6,3.5,3.666667,3.5,3.333333,3.5,3.8,3,4,3.5,3.333333,3.75,3.111111,3.166667,3.333333,3.25,2.851852,3.388889,3.2,3.259259,3.666667,3.259259,3.055556,3.044445,28,50,95,85,69,68,30,97,97,92,43,76,80,80,94,92,89,80,78,81,96,90,76,95
180,3.4,3.5,2.666667,2.5,2.333333,3.5,3.4,1.833333,2.5,2.666667,3,2.8,2.9,2.666667,2.416667,3.0625,2.458333,3.083333,3.4,2.458333,2.75,2.583333,2.75,1.95,11,2,0,66,9,13,61,16,7,5,6,0,68,80,41,40,19,80,54,10,19,31,50,47
181,2.6,3.333333,2.833333,1.5,2.666667,2,2.2,2,3.166667,2.833333,2.833333,3.4,3.342857,3.523809,3.142857,2.892857,2.880952,3.261905,3.085714,2.809524,3.595238,3.214286,3.047619,3.171429,65,96,80,45,72,42,19,57,95,88,39,86,14,69,53,0,39,0,2,20,56,53,30,86
182,3,2.833333,2.333333,2.25,2.833333,2.833333,2.8,2.166667,2.833333,2.666667,2.5,2.2,3.216667,3.486111,2.791667,2.702128,2.928571,3.323944,3.333333,2.588235,3.414286,3,3.041667,3.016667,43,93,24,20,80,52,51,30,80,63,38,73,40,23,17,20,61,22,18,31,36,31,9,12
183,2.6,3,1.333333,1.5,2.166667,2.666667,2.4,2.5,2.166667,2.333333,2.166667,1.8,3.2,3.380952,2.833333,2.392857,2.476191,3.390244,3.171429,2.071429,3.071429,2.428571,3.095238,2.571429,39,81,32,3,10,69,27,1,33,0,52,16,14,32,0,0,10,15,4,54,8,11,0,1
184,3.2,3.5,3.333333,3,3.166667,3.666667,3.8,3.666667,3,3,2.833333,3.4,3.114286,2.880952,2.809524,2.428571,2.452381,3.142857,3.085714,2.547619,2.976191,2.642857,2.902439,2.457143,30,14,29,4,8,23,19,28,20,10,18,10,55,80,85,70,80,87,78,97,45,63,30,86
185,3.2,3,2.5,2,3.333333,2.833333,3.4,2,3,2.666667,2.5,2.8,3.257143,3.261905,2.642857,3.214286,2.642857,3.261905,3.457143,2.642857,3.142857,2.756098,3.214286,2.971429,49,68,5,82,28,42,73,37,42,28,72,68,55,32,31,8,89,22,54,20,45,31,9,47
186,3.8,3.5,3,2.5,2.666667,3.166667,3.2,3,3.5,2.833333,2.833333,2.8,3.25,3.111111,2.791667,2.625,2.777778,3.211268,3.05,2.388889,3.236111,2.833333,2.986111,2.866667,47,41,24,11,55,31,15,11,52,36,30,49,91,80,66,40,39,55,42,81,78,53,30,47
187,3.2,3.5,2.666667,2.75,2.666667,3.333333,3.4,2.666667,3,2.333333,3.333333,3.4,2.75,3.083333,2.729167,2.78125,2.680851,3.020833,2.9,2.5,3.3125,2.666667,2.854167,2.825,6,36,14,28,36,10,6,20,65,14,13,45,55,80,41,60,39,68,54,62,45,11,76,86
188,2.4,3.333333,2.5,3,3.333333,2.833333,3,2,2.333333,3.166667,2.833333,3.4,3.111111,3.444444,2.740741,2.611111,2.888889,3.111111,3.133333,2.37037,2.944444,2.722222,3.055556,3.044445,28,90,16,10,73,16,24,10,18,23,43,76,5,69,31,70,89,22,26,20,14,73,30,86
189,2.8,3.166667,3.166667,2.5,3,3.333333,3.8,2.166667,3.333333,2.666667,2.666667,2.8,3.44,3.4,3.3,3.4,2.766667,3.3,3.32,3.1,3.666667,3.233333,3.066667,2.88,82,87,93,94,53,49,49,89,97,90,46,50,23,54,76,40,71,68,78,31,70,31,20,47
190,2.4,2.666667,3,2.25,2.666667,2.833333,2.6,2.833333,4,2.333333,3,3.2,2.78,3.166667,2.916667,3.125,2.833333,2.983333,3.06,2.833333,3.5,3.133333,3.05,3.08,6,50,47,70,64,7,17,60,85,80,40,80,5,12,66,20,39,22,9,73,96,11,50,74
191,3.8,4,3.666667,2.25,3.5,3.833333,3.8,3.166667,3.5,3.166667,3.5,3,3.075,3.270833,3.229167,3.03125,3.041667,3.3125,3.35,2.916667,3.3125,3.020833,3.083333,3,25,70,88,59,91,50,55,70,65,68,48,70,91,98,94,20,94,94,78,89,78,73,87,63
192,3,2.833333,2.166667,2.25,2.666667,3.5,3.4,2.333333,2.666667,2.5,2.833333,2.4,3.111111,2.851852,2.833333,2.75,2.574074,3.111111,3.133333,2.87037,2.740741,2.685185,2.925926,2.444444,28,10,32,23,19,16,24,67,7,17,20,9,40,23,10,20,39,80,54,41,29,20,30,23
193,2.6,3.5,2.666667,1.5,3.333333,2.166667,3.4,2.666667,3.166667,3.333333,3.666667,2.8,2.8,3.041667,2.75,3.3125,2.541667,3.083333,3.3,3.291667,3.208333,2.916667,2.666667,2.9,7,31,16,89,15,13,46,99,50,46,2,55,14,80,41,0,89,2,54,62,56,84,94,47
194,3.4,3,2.833333,3.5,2.333333,3.166667,3,3.5,2,3,2.666667,3.8,3.571429,3.238095,3.166667,3.25,2.976191,3.609756,3.314286,3.071429,3.523809,3.292683,3.380952,3.171429,94,65,81,85,86,96,48,86,89,95,92,86,68,32,53,92,19,55,26,94,3,63,20,96
195,2.8,3,2.166667,2.25,2.833333,2.5,3.2,1.666667,2.666667,2.5,2.5,2.6,3.275,3.395833,3.043478,2.65625,3.155555,3.416667,3.675,2.369565,3.325581,2.787234,3.191489,2.975,52,86,68,14,95,74,98,10,67,33,69,68,23,32,10,20,61,7,42,6,29,20,9,35
196,2.8,3,2.333333,2.25,3.166667,3.166667,3.8,2.666667,2.833333,2.333333,2.666667,2,3.3,3.057143,2.694444,2.833333,2.75,3.416667,3.5,2.638889,2.583333,2.944444,3.194444,2.533333,56,34,10,35,50,74,80,37,1,52,70,13,23,32,17,20,80,55,78,62,36,11,20,4
197,3,3,2.833333,2.75,2.666667,3,3,2.333333,3.166667,3,2.833333,3,3.26,2.866667,2.833333,3,2.966667,3.25,3.1,2.95,3.25,2.666667,2.933333,2.94,50,11,32,56,84,37,20,77,54,14,21,62,40,32,53,60,39,39,26,41,56,63,30,63
198,3.8,3.166667,2.833333,2.75,2.5,3,2.8,2.333333,3.166667,2.333333,3.5,3.2,3.7,3.383333,3.383333,2.975,2.983333,3.416667,3.4,3.083333,3.583333,2.966667,3.288136,2.88,99,83,99,54,87,74,61,87,93,56,84,50,91,54,53,60,28,39,18,41,56,11,87,74
199,2.6,2.666667,2,2,2.5,2.833333,2.8,2,2,2.833333,2.333333,2.4,3.475,3.021277,2.833333,2.6875,2.645833,3.458333,3.45,2.574468,3.166667,3.041667,3.104167,3,88,30,32,17,29,79,72,29,44,72,54,70,14,12,4,8,28,22,18,20,3,53,1,23
200,3,2.833333,3,3,3.166667,2.666667,2.4,2.333333,2.666667,2.666667,2.833333,3,3.511111,3.444444,2.87037,2.555556,2.685185,3.54717,3.311111,2.388889,3.259259,2.796296,3.111111,2.888889,90,90,41,7,38,92,47,11,58,34,57,54,40,23,66,70,80,15,4,41,29,31,30,63
201,3,2.5,1.833333,1.5,2.166667,2.5,3,1.5,3,1.666667,2.833333,1.8,3.311111,3.433962,2.981482,2.555556,3.074074,3.333333,3.377778,2.648148,3.240741,2.833333,3.277778,3.244444,60,89,57,7,92,54,60,38,53,36,81,89,40,9,1,0,10,7,26,3,45,0,30,1
202,2.400000095,3.166666746,2.166666746,2,3.166666746,2,3,1.833333373,3,3.833333254,2.5,3,2.571428537,3.095238209,2.547619104,1.892857194,2.5,2.333333254,2.37142849,1.809523821,2.976190567,2.738095284,2.642857075,2.799999952,2,37,1,0,11,0,0,0,20,26,1,40,12,53,10,8,80,0,26,18,45,100,9,63
203,3.6,2.666667,3.833333,3.25,2.5,3,3.4,3.166667,3.666667,2.333333,3,3,3.391304,3.012048,3.231707,3.518518,2.792683,3.390244,3.544118,3.185185,3.432099,3.144578,3.207317,2.942029,72,29,89,96,58,69,88,95,82,81,71,64,80,12,99,82,28,39,54,89,85,11,50,63
204,3,3.166666746,2.833333254,2.75,2.333333254,3.333333254,2,2,3.333333254,3,2.5,3.400000095,3.125,2.791666746,2.958333254,3.03125,2.645833254,3.145833254,2.700000048,2.8125,3.1875,2.6875,2.8125,2.950000048,31,7,54,59,30,23,2,58,47,18,10,64,40,53,65,60,28,78,0,20,77,63,9,91
205,2.799999952,3,2.5,3,2.5,2.666666746,2.200000048,3,2.666666746,2.166666746,3,2.200000048,2.733333349,2.944444418,3,2.694444418,2.703703642,3,2.955555439,2.833333254,3.092592478,2.64814806,2.777777672,2.888888836,5,20,59,20,41,8,10,63,37,11,8,53,23,32,31,70,28,14,4,81,28,4,50,21
206,2.400000095,3,2.333333254,2.5,2.166666746,3.666666746,3,1.833333373,2.666666746,2.5,2.5,2.200000048,3.400000095,3.333333254,3.212765932,2.46875,2.744680882,3.5625,3.575000048,2.9375,2.875,3.0625,3.333333254,2.875,75,77,86,4,49,93,89,75,15,75,90,50,12,32,30,40,10,86,26,18,28,20,9,21
207,3,2.166667,2.333333,3.25,2.333333,3,3.8,3,3.5,2.666667,2.666667,2.4,3.25,2.930556,2.736111,3.166667,2.555556,3.166667,3.416667,2.916667,3.125,2.777778,2.986111,2.683333,47,18,14,76,17,24,65,70,40,31,30,25,40,1,17,82,19,39,78,81,78,31,20,23
208,3.6,3.833333,3.666667,3,3.5,3.5,4,2.5,3.166667,3.833333,3.5,3.8,3.32,3.533333,3.1,2.8,2.827586,3.366667,3.4,2.433333,3.133333,3.2,3.3,3.44,62,97,76,30,64,63,61,14,41,85,86,98,80,98,94,70,94,80,93,54,56,99,87,96
209,2.400000095,3.333333254,2.833333254,1.5,2.5,2.833333254,2.799999952,1.833333373,2.833333254,2.166666746,3.166666746,2,3.342857122,3.380952358,2.928571463,2.75,2.642857075,3.357142925,3.485714197,2.142857075,3.142857075,2.928571463,2.976190567,2.857142925,65,82,50,23,29,60,79,2,42,50,28,48,12,80,65,0,28,38,17,18,45,4,62,4
210,3.599999905,3.666666746,3,2.5,2.833333254,3.333333254,3.599999905,3.333333254,3,3,3.833333254,3,2.857142925,3.119047642,2.666666746,2.821428537,2.738095284,2.880952358,3.228571415,2.666666746,2.952380896,2.666666746,2.738095284,2.657142878,10,44,6,33,48,5,34,41,19,13,5,22,79,91,66,40,70,78,66,94,45,63,100,63
211,3.25,2.799999952,2.799999952,2.25,2.599999905,3.200000048,3.5,1.799999952,2.599999905,2.400000095,3.400000095,2.25,3.24000001,3.017241478,2.799999952,2.900000095,2.700000048,3.233333349,3.420000076,2.533333302,3.25,2.700000048,3.049999952,2.819999933,47,30,26,47,40,34,66,26,54,20,40,44,68,22,52,20,38,67,66,10,27,20,86,22
212,2.4,3.166667,2.666667,2.25,2.666667,3,2.6,2.5,3,3.166667,2.4,3.4,2.918367,2.966667,2.616667,2.55,2.616667,2.866667,2.88,2.383333,3.333333,3.016667,2.9,3.08,13,24,3,6,25,4,5,10,71,67,18,80,5,54,41,20,39,39,9,54,45,73,8,86
213,1.799999952,3.166666746,2.666666746,1.75,2.833333254,2.833333254,2.799999952,1.833333373,2.5,2.833333254,2.833333254,2.799999952,3.044444561,3.14814806,3.037037134,2.611111164,2.870370388,3.185185194,3.022727251,2.35185194,3.296296358,3.07407403,3.092592478,2.888888836,21,49,67,10,71,28,14,8,64,76,51,53,0,53,41,3,70,38,17,18,19,63,50,47
214,2.599999905,3.5,2.333333254,2.25,2.666666746,3,3.599999905,2.166666746,2.166666746,2.5,3,2,3.075000048,3.145833254,2.6875,2.75,2.6875,3.166666746,3.25,2.479166746,2.854166746,2.604166746,3,2.375,25,48,9,23,38,24,36,19,12,7,31,6,14,80,30,20,39,39,66,31,7,20,50,4
